{
    "format": "layers-model",
    "generatedBy": "keras v3.3.3",
    "convertedBy": "TensorFlow.js Converter v4.20.0",
    "modelTopology": {
        "keras_version": "3.3.3",
        "backend": "tensorflow",
        "model_config": {
            "class_name": "Sequential",
            "config": {
                "name": "sequential_1",
                "trainable": true,
                "dtype": "float32",
                "layers": [
                    {
                        "class_name": "InputLayer",
                        "config": {
                            "batch_shape": [null, 1928],
                            "dtype": "float32",
                            "sparse": false,
                            "name": "input_layer_1"
                        }
                    },
                    {
                        "class_name": "Dense",
                        "config": {
                            "name": "dense_4",
                            "trainable": true,
                            "dtype": "float32",
                            "units": 128,
                            "activation": "relu",
                            "use_bias": true,
                            "kernel_initializer": {
                                "module": "keras.initializers",
                                "class_name": "GlorotUniform",
                                "config": { "seed": null },
                                "registered_name": null
                            },
                            "bias_initializer": {
                                "module": "keras.initializers",
                                "class_name": "Zeros",
                                "config": {},
                                "registered_name": null
                            },
                            "kernel_regularizer": {
                                "module": "keras.regularizers",
                                "class_name": "L2",
                                "config": { "l2": 0.01 },
                                "registered_name": null
                            },
                            "bias_regularizer": null,
                            "kernel_constraint": null,
                            "bias_constraint": null
                        }
                    },
                    {
                        "class_name": "Dropout",
                        "config": {
                            "name": "dropout_3",
                            "trainable": true,
                            "dtype": "float32",
                            "rate": 0.5,
                            "seed": null,
                            "noise_shape": null
                        }
                    },
                    {
                        "class_name": "Dense",
                        "config": {
                            "name": "dense_5",
                            "trainable": true,
                            "dtype": "float32",
                            "units": 64,
                            "activation": "relu",
                            "use_bias": true,
                            "kernel_initializer": {
                                "module": "keras.initializers",
                                "class_name": "GlorotUniform",
                                "config": { "seed": null },
                                "registered_name": null
                            },
                            "bias_initializer": {
                                "module": "keras.initializers",
                                "class_name": "Zeros",
                                "config": {},
                                "registered_name": null
                            },
                            "kernel_regularizer": {
                                "module": "keras.regularizers",
                                "class_name": "L2",
                                "config": { "l2": 0.01 },
                                "registered_name": null
                            },
                            "bias_regularizer": null,
                            "kernel_constraint": null,
                            "bias_constraint": null
                        }
                    },
                    {
                        "class_name": "Dropout",
                        "config": {
                            "name": "dropout_4",
                            "trainable": true,
                            "dtype": "float32",
                            "rate": 0.5,
                            "seed": null,
                            "noise_shape": null
                        }
                    },
                    {
                        "class_name": "Dense",
                        "config": {
                            "name": "dense_6",
                            "trainable": true,
                            "dtype": "float32",
                            "units": 32,
                            "activation": "relu",
                            "use_bias": true,
                            "kernel_initializer": {
                                "module": "keras.initializers",
                                "class_name": "GlorotUniform",
                                "config": { "seed": null },
                                "registered_name": null
                            },
                            "bias_initializer": {
                                "module": "keras.initializers",
                                "class_name": "Zeros",
                                "config": {},
                                "registered_name": null
                            },
                            "kernel_regularizer": {
                                "module": "keras.regularizers",
                                "class_name": "L2",
                                "config": { "l2": 0.01 },
                                "registered_name": null
                            },
                            "bias_regularizer": null,
                            "kernel_constraint": null,
                            "bias_constraint": null
                        }
                    },
                    {
                        "class_name": "Dropout",
                        "config": {
                            "name": "dropout_5",
                            "trainable": true,
                            "dtype": "float32",
                            "rate": 0.5,
                            "seed": null,
                            "noise_shape": null
                        }
                    },
                    {
                        "class_name": "Dense",
                        "config": {
                            "name": "dense_7",
                            "trainable": true,
                            "dtype": "float32",
                            "units": 1,
                            "activation": "sigmoid",
                            "use_bias": true,
                            "kernel_initializer": {
                                "module": "keras.initializers",
                                "class_name": "GlorotUniform",
                                "config": { "seed": null },
                                "registered_name": null
                            },
                            "bias_initializer": {
                                "module": "keras.initializers",
                                "class_name": "Zeros",
                                "config": {},
                                "registered_name": null
                            },
                            "kernel_regularizer": null,
                            "bias_regularizer": null,
                            "kernel_constraint": null,
                            "bias_constraint": null
                        }
                    }
                ],
                "build_input_shape": [null, 1928]
            }
        },
        "training_config": {
            "loss": "binary_crossentropy",
            "loss_weights": null,
            "metrics": ["accuracy"],
            "weighted_metrics": null,
            "run_eagerly": false,
            "steps_per_execution": 1,
            "jit_compile": false,
            "optimizer_config": {
                "class_name": "Adam",
                "config": {
                    "name": "adam",
                    "learning_rate": 0.0010000000474974513,
                    "weight_decay": null,
                    "clipnorm": null,
                    "global_clipnorm": null,
                    "clipvalue": null,
                    "use_ema": false,
                    "ema_momentum": 0.99,
                    "ema_overwrite_frequency": null,
                    "loss_scale_factor": null,
                    "gradient_accumulation_steps": null,
                    "beta_1": 0.9,
                    "beta_2": 0.999,
                    "epsilon": 1e-7,
                    "amsgrad": false
                }
            }
        }
    },
    "weightsManifest": [
        {
            "paths": ["group1-shard1of1.bin"],
            "weights": [
                {
                    "name": "sequential_1/dense_4/kernel",
                    "shape": [1928, 128],
                    "dtype": "float32"
                },
                {
                    "name": "sequential_1/dense_4/bias",
                    "shape": [128],
                    "dtype": "float32"
                },
                {
                    "name": "sequential_1/dense_5/kernel",
                    "shape": [128, 64],
                    "dtype": "float32"
                },
                {
                    "name": "sequential_1/dense_5/bias",
                    "shape": [64],
                    "dtype": "float32"
                },
                {
                    "name": "sequential_1/dense_6/kernel",
                    "shape": [64, 32],
                    "dtype": "float32"
                },
                {
                    "name": "sequential_1/dense_6/bias",
                    "shape": [32],
                    "dtype": "float32"
                },
                {
                    "name": "sequential_1/dense_7/kernel",
                    "shape": [32, 1],
                    "dtype": "float32"
                },
                {
                    "name": "sequential_1/dense_7/bias",
                    "shape": [1],
                    "dtype": "float32"
                }
            ]
        }
    ]
}
